physpreset,default
physconstraints,default
xanim,viewmodel_default_putaway
xanim,viewmodel_default_fire
xanim,void
xanim,viewmodel_default_pullout
xanim,f_melee_v1
xanim,f_melee_v2
xanim,f_melee_v3
xanim,f_melee_v4
xanim,pf_firing
xanim,f_firing_v1
xanim,f_firing_v2
xanim,f_firing_v3
xanim,f_firing_v4
xanim,f_firing_v5
xanim,f_firing_v6
xanim,f_firing_v7
xanim,f_firing_v8
xanim,f_firing_v9
xanim,player_mantle_over_low
xanim,f_firing_v10
xanim,f_firing_v12
xanim,f_firing_v13
xanim,f_firing_v14
xanim,f_firing_v15
xanim,viewmodel_default_idle
xanim,pf_alert_idle
xanim,player_mantle_over_mid
xanim,f_death_v1
xanim,f_death_v2
xanim,f_death_v3
xanim,f_death_v4
xanim,f_death_v5
xanim,f_death_v6
xanim,f_death_v7
xanim,f_death_v8
xanim,pf_casual_idle
xanim,viewmodel_default_ads_up
xanim,f_idle_casual_v1
xanim,f_idle_alert_v1
xanim,f_idle_alert_v2
xanim,f_idle_alert_v3
xanim,pf_melee
xanim,f_im_reloading
xanim,pf_death
xanim,player_mantle_over_high
xanim,f_react_v1
xanim,f_react_v2
xanim,f_react_v3
xanim,f_react_v4
xanim,f_react_v5
xanim,veh_car_destroy
xanim,f_pain_v1
xanim,f_pain_v2
xanim,f_pain_v3
xanim,f_pain_v4
xanim,f_pain_v5
xanim,f_pain_v6
xanim,pf_pain
xanim,f_running_v1
xanim,f_running_v2
xanim,viewmodel_default_ads_down
xanim,player_mantle_up_21
xanim,player_mantle_up_27
xanim,player_mantle_up_33
xanim,player_mantle_up_39
xanim,player_mantle_up_45
xanim,player_mantle_up_51
xanim,player_mantle_up_57
xmodel,defaultvehicle
xmodel,fx_rifle_shell_blur
xmodel,tag_origin_animate
xmodel,defaultactor
xmodel,fx_rifle_shell
xmodel,viewmodel_default
xmodel,void
xmodel,defaultweapon
xmodel,tag_origin
material,rank_sgt
material,$line_nodepth
material,postfx_dof_color
material,bloom_remap
material,gfx_fxt_fx_distortion_heat_scale5
material,rank_spc
material,hud_dpad_outer_frame
material,postfx_dof
material,rope
material,hud_dpad_overlay_circle
material,glow_apply_bloom
material,poison
material,rank_sgtm
material,menu_mp_bar_shadow
material,gfx_fxt_gas_flash
material,menu_mp_lobby_frame_circle
material,hud_us_smokegrenade
material,$floatz
material,menu_mp_sound_tv
material,pixel_cost_add_depth_equal
material,floatz_display
material,shadowoverlay
material,bloom_apply_streak
material,rank_col
material,rank_com
material,rank_cpl
material,rank_cpt
material,bloom_apply_ldr
material,motionblurradial
material,menu_button_backing
material,spinner_wedge
material,javelin_hud_target
material,ui_arrow_left
material,redact1
material,redact2
material,redact3
material,frame_color_debug
material,bloom_blur_x
material,bloom_blur_y
material,clear_alpha_stencil
material,mtl_player_icon
material,pixel_cost_color_code
material,hud_dpad_blood
material,bloom_downsample_ldr
material,mc/mtl_fx_shell
material,menu_mp_lobby_frame_outer_ingame
material,bloom_streak_x
material,bloom_streak_y
material,menu_mp_lobby_frame_fade
material,ui_scrollbar_arrow_dwn_a
material,emblem_bg_nocod
material,glow_godrays
material,compassping_enemysatellite_diamond
material,$default
material,ui_scrollbar_arrow_up_a
material,ui_scrollbar_arrow_left
material,watersheeting_color_distort_blur
material,compassping_player
material,hud_dpad_overlay_x
material,gfx_fxt_smk_puff
material,rank_maj
material,hud_frame_arrow_right
material,rank_briggen
material,whitetransparent
material,menu_white_line_faded
material,menu_mp_sound_lines1
material,menu_mp_sound_lines2
material,set_alpha
material,voice_on
material,generic_filter_superflare_occluder
material,glow_consistent_setup
material,gradient_center
material,rank_lt
material,debug_sphere_interior
material,pixel_cost_add_nodepthwrite
material,reticle_side_small
material,feedbackfilmblend
material,talkingicon
material,hud_border_dpad_compass
material,rank_majgen
material,$line
material,$glare_blind
material,black
material,line_horizontal
material,$processed_floatz
material,debug_sphere_exterior
material,$additive_nodepth
material,resample_final
material,menu_mp_lobby_frame_outer
material,menu_sp_lobby_frame_inner_ingame
material,generic_filter_superflare_occluder_noz
material,dof_near_coc
material,hud_us_grenade
material,menu_white_line_faded_big
material,white
material,gfx_fxt_fire_flame_vert_c
material,gfx_fxt_fire_flame_vert_d
material,gfx_fxt_fire_flame_vert_e
material,postfx
material,shadowclear
material,glow_apply_sky_bleed
material,rank_ltcol
material,pixel_cost_add_depth_less
material,rank_ssgt
material,postfx_dof_color_nv_intz
material,menu_zom_lobby_blood_big01
material,rank_prvt
material,$ps3_aadownsample
material,$blend_nodepth
material,color_channel_mixer
material,bloom_mip3_blur
material,compass_map_default
material,motionblurfilter1
material,motionblurfilter2
material,motionblurfilter3
material,motionblurfilter4
material,motionblurfilter5
material,motionblurfilter6
material,motionblurfilter7
material,motionblurfilter8
material,composite_result
material,ui_scrollbar
material,ui_scrollbar_thumb
material,bloom_downsample_convolution
material,bloom_remap_streak
material,hud_dpad_lines
material,hud_grenadeicon
material,postfx_dof_nv_intz
material,ui_arrow_right
material,thumbsup
material,rank_gen
material,mc/mtl_fx_shell_alpha
material,generic_filter_superflare_occluder_noz_debug
material,pixel_cost_add_depthwrite
material,mc/global_black
material,apply_lut3d
material,hudcolorbar
material,hud_icon_ak47
material,statmon_warning_tris
material,mc/gfx_missing_fx
material,small_blur
material,bloom_apply_hdr
material,$additive
material,hud_dpad_lines_fade
material,$point
material,depthprepass
material,menu_sp_lobby_frame_outer_ingame
material,rank_pfc
material,mc/mtl_test_sphere_silver_lores
material,glow_setup
material,menu_mp_sound_headphones
material,shellshock_flashed
material,code_warning_fps
material,feedbackreplace
material,shellshock
material,bloom_downsample_hdr
material,ui_line
material,generic_filter_superflare_apply
material,shadowcaster
material,mtl_clan_tag
material,loadscreen_zombie_theater
material,light_corona
material,feedbackblend
material,menu_mp_sound_speaker
material,fonts/devfonts_glow
material,ui_cursor
material,xenon_stick_move
material,pixel_cost_add_depth_always
material,menu_mp_sound_cables
material,xenon_controller_top
material,loadscreen_zombietron
material,gradient_bottom
material,xenon_stick_move_turn
material,ui_slider2
material,menu_safearea_arrow
material,gfx_fxt_misc_missing_fx
material,voice_off
material,menu_mp_lobby_frame_inner
material,menu_mp_killstreak_select
material,motionblurframebased
material,menu_mp_tab_frame_inner
material,resample_shift
material,clear_alpha
material,net_new_animation
material,code_warning_file
material,$blend
material,loadscreen_zombie_pentagon
material,revivefx
material,dof_downsample_nv_intz
material,stencilshadow
material,xenon_stick_turn
material,dof_downsample
material,hud_grenadepointer
material,bloom_expansion
material,gfx_fxt_smk_light
material,stencildisplay
material,frame_alpha_debug
material,mc/lambert1
material,postfx_color
material,ui_host
material,hud_faction_back_light
material,hud_dpad_outer_frame_rim
material,bloom_smooth_a
material,bloom_smooth_b
material,cinematic
material,create_lut2dv
material,rank_ltgen
material,menu_button_backing_highlight
material,hud_dpad_xenon
material,ui_sliderbutt_1
material,menu_white_line
material,ui_scrollbar_arrow_right
material,fonts/devfonts
material,infrared_white
material,objective_line
material,gradient
material,filter_symmetric_1
material,filter_symmetric_2
material,filter_symmetric_3
material,filter_symmetric_4
material,filter_symmetric_5
material,filter_symmetric_6
material,filter_symmetric_7
material,filter_symmetric_8
material,menu_mp_lobby_frame_inner_ingame
material,nottalkingicon
material,console
material,mc/mtl_defaultvehicle
material,rank_prestige01
material,rank_prestige02
material,rank_prestige03
material,rank_prestige04
material,rank_prestige05
material,rank_prestige06
material,rank_prestige07
material,rank_prestige08
material,rank_prestige09
material,rank_prestige10
material,generic_filter_superflare_occluder_debug
material,gradient_top
material,white_r32f
material,line_horizontal_scorebar
material,pixel_cost_add_depth_disable
material,xenon_stick_move_look
material,rank_sfc
techset,effect_zfeather_falloff_add_nofog
techset,glow_apply_bloom
techset,filter_symmetric_1
techset,filter_symmetric_2
techset,filter_symmetric_3
techset,filter_symmetric_4
techset,filter_symmetric_5
techset,filter_symmetric_6
techset,filter_symmetric_7
techset,filter_symmetric_8
techset,motionblurradial
techset,sw4_3d_clan_tag_transparent
techset,default
techset,glow_consistent_setup
techset,processed_floatz
techset,tools
techset,postfx_color
techset,sw4_2d_superflare_occluder_transparent
techset,stencilshadow
techset,color_channel_mixer
techset,bloom_remap
techset,mc_l_sm_r0c0s0
techset,bloom_apply_streak
techset,glow_apply_sky_bleed
techset,mc_l_sm_b0c0n0s0
techset,resample_shift
techset,distortion_scale_zfeather
techset,small_blur
techset,ps3_aadownsample
techset,watersheeting_color_distort_blur
techset,create_lut2dv
techset,dof_downsample
techset,stencildisplay
techset,glow_setup
techset,floatzdisplay
techset,bloom_smooth_a
techset,bloom_smooth_b
techset,mc_effect_nofog
techset,postfx
techset,bloom_blur_x
techset,bloom_blur_y
techset,revivefx
techset,shadowoverlay
techset,pixel_cost_add
techset,passthru_vertalpha
techset,passthru_film
techset,mc_l_sm_r0c0n0s0
techset,shell_shock
techset,bloom_downsample_hdr
techset,mc_l_sm_r0c0
techset,sw4_2d_anim_icon_transparent
techset,sw4_2d_line_transparent
techset,cinematic
techset,glow_godrays
techset,composite_result
techset,bloom_apply_hdr
techset,passthru_alpha
techset,motionblurframebased
techset,bloom_streak_x
techset,bloom_streak_y
techset,motionblurfilter1
techset,motionblurfilter2
techset,motionblurfilter3
techset,motionblurfilter4
techset,motionblurfilter5
techset,motionblurfilter6
techset,motionblurfilter7
techset,motionblurfilter8
techset,shell_shock_flashed
techset,sw4_2d_superflare_apply_transparent
techset,shadowclear
techset,effect_zfeather
techset,bloom_remap_streak
techset,postfx_dof
techset,postfx_dof_nv_intz
techset,dof_near_coc
techset,sw4_2d_dpadcompass_transparent
techset,dof_downsample_nv_intz
techset,floatz
techset,apply_lut3d
techset,sw4_2d_superflare_occluder_debug_transparent
techset,bloom_downsample_convolution
techset,resample_final
techset,sw4_3d_player_icon_transparent
techset,clear_alpha_stencil
techset,bloom_expansion
techset,set_alpha
techset,effect_hero
techset,depthprepass
techset,bloom_downsample_ldr
techset,effect_nofog
techset,sw4_2d_superflare_occluder_noz_transparent
techset,poison
techset,sw4_2d_mip3blur
techset,sw4_2d_superflare_occluder_noz_debug_transparent
techset,shadowcaster
techset,postfx_dof_color_nv_intz
techset,pixel_cost_color_code
techset,effect_zfeather_add_nofog
techset,m_rope
techset,2d
techset,clear_alpha
techset,postfx_dof_color
techset,bloom_apply_ldr
image,loadscreen_zombie_pentagon
image,warning@fps
image,rank_pfc1
image,emblem_bg_nocod
image,fxt_fire_gas_flash
image,hud_ak47
image,loadscreen_zombie_deadops
image,rank_cpl1
image,warning@file
image,menu_mp_lobby_frame_outer_ingame
image,empty_overlay
image,$black
image,white_line
image,rank_sgt1
image,player_emblem_nor
image,fxt_smk_puff
image,$blank
image,voice_on_dim
image,menu_mp_lobby_frame_fade
image,hud_us_grenade
image,gradient_center
image,white_line_faded
image,~-gdefaultvehicle
image,rank_prestige_11
image,rank_prestige_12
image,rank_prestige_14
image,voice_on_#0
image,rank_spc1
image,$white
image,$identitynormalmap
image,hud_border_dpad_compass
image,menu_mp_sound_cables
image,xenon_controller_top
image,scrollbar_arrow_dwn_a
image,line_horizontal
image,emblem_clear
image,menu_mp_lobby_frame_circle
image,~-gfx_shell_col
image,sw4
image,sliderbutt_1
image,indentitylutv360
image,menu_mp_bar_shadow
image,hud_dpad_lines
image,ui_arrow_right
image,rank_gen1
image,voice_on
image,sun_flare
image,clan_font_c
image,clan_font_n
image,javelin_hud_target
image,menu_sp_lobby_frame_inner_ingame
image,rank_bgen1
image,menu_mp_sound_speaker
image,rank_2ndlt1
image,$white_r32f
image,~decal_thickrope1_s-rgb&~-rde~bce9be2e
image,grenadeicon
image,xenon_stick_move_turn
image,net_new
image,compassping_enemysatellite_diamond
image,falloff_linear
image,~~-gwhite-rgb&~-rblack95_8x8&~c3e25bf3
image,hud_us_smokegrenade
image,watersheeting_fx_distortion
image,white_line_faded_big
image,fxt_fx_distortion_heat
image,scrollbar
image,menu_button_backing
image,gradient_top
image,compassping_player
image,hud_dpad_overlay_x
image,hud_dpad_outer_frame
image,default
image,scrollbar_arrow_up_a
image,scrollbar_arrow_left
image,menu_mp_lobby_frame_outer
image,~-ggrey
image,menu_sp_lobby_frame_outer_ingame
image,redact
image,thumbsup
image,side_small
image,rank_ltcol1
image,rank_maj1
image,menu_button_backing_highlight
image,hud_faction_back_light
image,menu_mp_sound_headphones
image,xenon_stick_move_look
image,fx_shell_nml
image,gradient_bottom
image,~-gblack_8x8
image,rank_capt1
image,$whitetransparent
image,menu_zom_lobby_blood_big01
image,hud_dpad_xenon
image,objective_line
image,spinner_wedge
image,ui_arrow_left
image,menu_mp_tab_frame_inner
image,hud_border_dpad_compass_fade
image,xenon_stick_move
image,ui_host
image,menu_mp_sound_lines1
image,menu_mp_sound_lines2
image,scrollbar_thumb
image,rank_sgtm1
image,rank_ssgt1
image,console
image,$gray
image,$g16r16
image,loadscreen_zombie_theater
image,detail_noise_tight
image,player_emblem_spec_rough
image,xenon_stick_turn
image,hud_dpad_outer_frame_rim
image,rank_majgen1
image,rank_sgtfc1
image,$blacktransparent
image,~~-gfx_shell_spc-rgb&~-rfx_sh~7097a0cb
image,menu_mp_lobby_frame_inner_ingame
image,voice_off
image,hud_dpad_blood
image,gfx_fullscreen_revive_im
image,$r5g6b5
image,hud_frame_arrow_right
image,hudcolorbar
image,rank_ltgen1
image,grenadepointer
image,devfonts
image,hud_dpad_overlay_circle
image,rank_prestige_1
image,rank_prestige_2
image,rank_prestige_3
image,rank_prestige_5
image,rank_prestige_6
image,rank_prestige_7
image,rank_prestige_9
image,safe_area_arrow
image,redact2
image,redact3
image,line_horizontal_scorebar
image,menu_mp_lobby_frame_inner
image,menu_mp_killstreak_select
image,slider2
image,scrollbar_arrow_right
image,gradient
image,rank_col1
image,hud_dpad_lines_fade
image,rank_comm
image,3_cursor3
image,decal_thickrope1_c
image,decal_thickrope1_n
image,~-gglobal_black_c
image,flare_occluder
image,fxt_misc_missing_fx
image,fxt_fire_flame_vert_c
image,fxt_fire_flame_vert_d
image,fxt_fire_flame_vert_e
image,shadow
image,fxt_smk_light
image,statmon_warning_tris
image,rank_pvt1
image,menu_mp_sound_tv
sound,spl_ui.all
lightdef,light_dynamic
lightdef,light_point_linear
font,fonts/bigDevFont
font,fonts/smallDevFont
menufile,ui/hud_dev.txt
menufile,ui/hud_coop.txt
menufile,ui/hud_sp.txt
menufile,ui/hud_splitscreen.txt
menufile,ui/ingame_options.txt
menufile,ui/hud_zombie.txt
menufile,ui/code.txt
menufile,ui/hud.txt
menufile,ui/ingame.txt
menufile,ui/hud_demo.txt
menufile,ui/default.menu
menu,boldgamemessages_ss
menu,centerobituary
menu,popup_error_deleting_account
menu,snd_restart_popmenu
menu,missionsuccessbar_arcademode
menu,popup_leavegame_ranked
menu,cursorhints
menu,options_coop
menu,guidedmissileinfo
menu,popup_downloadingcompressedstats
menu,popup_connectingtodw
menu,popup_leavegameandparty_ranked
menu,invalidcmdhint_ss
menu,objectiveinfo
menu,miniscoreboard_splitscreen
menu,pregame_loaderror_mp
menu,friendly_names_ss
menu,wristwatch
menu,error_popmenu_party
menu,default_menu
menu,popup_account_not_available
menu,vid_restart_popmenu
menu,pregame_loaderror
menu,ingame_difficulty
menu,invert_axis_pc
menu,popup_savegame_error
menu,weaponinfo_zombie
menu,popup_endgame
menu,holdbreathzoomhint
menu,invalidcmdhint
menu,dpad
menu,mantlehint
menu,briefing
menu,options_multi
menu,pausedmenu
menu,menu_special_features
menu,zombietronscores
menu,popup_reconnectingtoparty
menu,boldgamemessages
menu,deadscreen
menu,reference_art
menu,dec20_terminal
menu,popup_fetchstats
menu,popup_connectingtodwhandler
menu,popup_checkpoint_restart_warning
menu,popup_uploadingfile
menu,popup_getlclaninfofromxuid
menu,mantlehint_ss
menu,reset_graphics_popmenu
menu,gamemessages
menu,popup_nosave_quit
menu,vehiclehud
menu,popup_endgame_ranked
menu,objective_indicators
menu,friendly_names
menu,savegameloading
menu,competitivemodescores
menu,error_popmenu_keyboard
menu,popup_creating_account
menu,autojoinfriend_popmenu
menu,target_highlights_guided_missile
menu,menu_toast_popup
menu,popup_leavedemo
menu,vid_restart_popmenu_listen
menu,popup_connectingtolobby
menu,popup_inliveconnectingtodw
menu,popup_error_contentserver_down
menu,popup_coop_host_quit_clone
menu,diff_con_veteran
menu,options_move
menu,mature_content_pc_disable_warning
menu,popup_downloadinginfo
menu,popup_coop_client_quit
menu,cursorhints_ss
menu,demorepositioncameramarker
menu,zombietron_pausedbkgnd
menu,acceptinvite_warning
menu,fullscreen_error
menu,options_graphics_texture
menu,popup_selectsavedevice_warning
menu,select_difficulty
menu,successfulcmdhint
menu,popup_gettingoffers
menu,ingameoptions
menu,stats_notfound_error_popup
menu,talkers
menu,demoplayers
menu,democontrols
menu,dpad_zombie
menu,diff_con_hardened
menu,coopmessages
menu,options_graphics
menu,popup_deleting_account
menu,amitalking
menu,objective_indicators_ui3d1
menu,options_control_defaults
menu,popup_connecting_dw
menu,popup_restart_warning
menu,vid_restart_popmenu_dead
menu,error_wagerfail
menu,holdbreathhint
menu,objective_indicators_ss
menu,error_popmenu
menu,spec_gamemessages
menu,controls_multi
menu,diff_con_regular
menu,options_misc
menu,demo_spike_cam
menu,hud_spectator
menu,options_voice
menu,subtitles
menu,popup_systemlink_endgame
menu,popup_gettingdata
menu,pausedbkgnd
menu,friendly_arrows_ss
menu,error_dw_fetch_file
menu,weaponinfo_ss
menu,popup_leavegameandparty_coop
menu,overheadmap
menu,apply_picmip_popmenu
menu,options_graphics_defaults
menu,options_look
menu,diff_con_easy
menu,popup_leavegame_coop
menu,options_gamepad
menu,safearea
menu,popup_leavegameandparty
menu,pregame
menu,missile_fuel
menu,popup_leavegame
menu,save_corrupted
menu,popup_savegame_warning
menu,demo_dollycam_information
menu,dpad_ss
menu,holdbreathzoomhint_ss
menu,arcademodebonus
menu,options_shoot
menu,popup_systemlink_leavegame
menu,connect
menu,popup_error_creating_account
menu,popup_noprofile_quit
menu,popup_gettingplayercardinfo
menu,heatinfo
menu,popup_storage_quit
menu,code_notice_popmenu
menu,options_controls_new_pc
menu,reset_controls_popmenu
menu,consolestatsalert_popmenu
menu,savegameinfo
menu,options_game
menu,compass
menu,popup_coop_host_quit
menu,guidedmissiledetonatehint
menu,popup_general_quit
menu,popup_downloadingfile
menu,holdbreathhint_ss
menu,fueltankinfo
menu,options_new_pc
menu,options_sound
menu,startmatch_popup
menu,friendly_arrows
menu,demofreecameramodes
menu,safearea_ss
menu,weaponinfo
menu,hud_spectator_ss
menu,guidedmissileboosthint
menu,objective_indicators_ui3d1_ss
menu,error_popmenu_lobby
weapon,defaultweapon
weapon,none
snddriverglobals,singleton
fx,weapon/muzzleflashes/fx_heavy_flash_base
fx,misc/missing_fx
fx,weapon/shellejects/fx_rifle
fx,weapon/shellejects/fx_rifle_resting
impactfx,default
rawfile,clientscripts/_destructibles.csc
rawfile,maps/_art.gsc
rawfile,vision/mp_crisis.vision
rawfile,maps/_ballistic_knife.gsc
rawfile,clientscripts/_meatshield.csc
rawfile,rumble/reload_medium_h.rmb
rawfile,vision/mp_berlinwall.vision
rawfile,maps/_createpath.gsc
rawfile,vision/wmd_gforce.vision
rawfile,maps/_cobra.gsc
rawfile,animtrees/animated_props.atr
rawfile,clientscripts/_callbacks.csc
rawfile,character/c_rus_spetsnaz_zt.gsc
rawfile,character/c_usa_marine_michael_carter_player.gsc
rawfile,vision/wmd_takeoff.vision
rawfile,maps/_cooplogic.gsc
rawfile,mptype/player_t5_zm_theater.gsc
rawfile,maps/_tiara.gsc
rawfile,maps/_detonategrenades.gsc
rawfile,info/bullet_penetration_sp
rawfile,clientscripts/_contextual_melee.csc
rawfile,vision/infrared_snow.vision
rawfile,maps/_fx.gsc
rawfile,maps/_vehicle_dials.gsc
rawfile,maps/_sampan.gsc
rawfile,maps/_cheat.gsc
rawfile,animtrees/player.atr
rawfile,vision/creek_1_helicopter_start.vision
rawfile,maps/_bouncing_betties.gsc
rawfile,maps/_shutter.gsc
rawfile,rumble/tank_fire
rawfile,vision/tvguided_sp.vision
rawfile,vision/creek_1_helicopter.vision
rawfile,vision/wmd.vision
rawfile,vision/drown.vision
rawfile,maps/_ingamemenus.gsc
rawfile,maps/_serverfaceanim.gsc
rawfile,shock/explosion.shock
rawfile,expressions/functions.txt
rawfile,maps/_notetrack.gsc
rawfile,maps/gametypes/_gametypes.txt
rawfile,rumble/tank_rumble
rawfile,vision/quagmire_3.vision
rawfile,bik/front_end_coop.bik
rawfile,maps/_mortar.gsc
rawfile,rumble/grenade_rumble
rawfile,maps/_grenade_toss.gsc
rawfile,maps/_animatedmodels.gsc
rawfile,maps/_patrol.gsc
rawfile,maps/_flareweapon.gsc
rawfile,maps/_treadfx.gsc
rawfile,maps/_coop_weaponswap.gsc
rawfile,vision/creek_1_tunnel_collapse.vision
rawfile,maps/_callbacksetup.gsc
rawfile,shock/victoryscreen.shock
rawfile,maps/gametypes/cmp.txt
rawfile,vision/infrared.vision
rawfile,maps/_autosave.gsc
rawfile,animtrees/vehicles.atr
rawfile,vision/berserker.vision
rawfile,maps/_hind_player.gsc
rawfile,maps/_global_fx.gsc
rawfile,mptype/player_t5_zt.gsc
rawfile,character/c_rus_spetsnaz2_zt.gsc
rawfile,vision/tvguided_mp.vision
rawfile,clientscripts/_airsupport.csc
rawfile,vision/death.vision
rawfile,maps/_dev.gsc
rawfile,vision/in_country.vision
rawfile,maps/_specialops.gsc
rawfile,animtrees/fakeshooters.atr
rawfile,rumble/reload_large_l.rmb
rawfile,character/c_sprint1_marine_yaw_player.gsc
rawfile,animtrees/civilian.atr
rawfile,maps/_dds.gsc
rawfile,vision/khe_sanh.vision
rawfile,character/c_zom_yellow_guy_zt.gsc
rawfile,vision/creek_1_tunnel_off.vision
rawfile,maps/_mg_penetration.gsc
rawfile,vision/mp_nuked2.vision
rawfile,vision/underwaterbase.vision
rawfile,maps/_laststand.gsc
rawfile,maps/_snowcat.gsc
rawfile,vision/creek_1_ambush_path.vision
rawfile,vision/zombie_turned.vision
rawfile,vision/mp_cairo.vision
rawfile,maps/_hip.gsc
rawfile,rumble/reload_large_h.rmb
rawfile,maps/_lights.gsc
rawfile,rumble/damage_heavy
rawfile,codescripts/struct.gsc
rawfile,maps/_credits.gsc
rawfile,rumble/defaultweapon_fire_l.rmb
rawfile,maps/_bulletcam.gsc
rawfile,rumble/reload_large
rawfile,vision/pentagon.vision
rawfile,character/c_usa_marine_winston_lewis_player.gsc
rawfile,maps/_vehicle_aianim.gsc
rawfile,vision/wmd_jumpcut.vision
rawfile,rumble/reload_rechamber
rawfile,character/c_usa_sog2_zt.gsc
rawfile,character/c_vtn_nva_zt.gsc
rawfile,rumble/melee_garrote_l.rmb
rawfile,rumble/defaultweapon_fire_h.rmb
rawfile,rumble/pullout_small
rawfile,rumble/damage_heavy_l.rmb
rawfile,maps/_mig17.gsc
rawfile,video/cin_levels.txt
rawfile,vision/creek_1.vision
rawfile,vision/creek_1b.vision
rawfile,maps/_collectibles.gsc
rawfile,vision/flashpoint.vision
rawfile,vision/cheat_bw.vision
rawfile,maps/gametypes/zom.txt
rawfile,character/c_ger_richtofen_zt.gsc
rawfile,vision/wmd_sr71.vision
rawfile,rumble/melee_garrote_h.rmb
rawfile,maps/_weaponobjects.gsc
rawfile,rumble/damage_heavy_h.rmb
rawfile,vision/laststand.vision
rawfile,vision/neutral.vision
rawfile,aim_assist/view_input_3.graph
rawfile,maps/_swimming.gsc
rawfile,maps/_camsys.gsc
rawfile,maps/_vehicletypes.gsc
rawfile,vision/zombie_cosmodrome.vision
rawfile,vision/quagmire_1.vision
rawfile,maps/_chinook.gsc
rawfile,maps/gametypes/bnk.txt
rawfile,maps/_vehicledrive.gsc
rawfile,vision/creek_1_dark.vision
rawfile,maps/_drones.gsc
rawfile,maps/_debug.gsc
rawfile,clientscripts/_ambientpackage.csc
rawfile,vision/mp_discovery.vision
rawfile,maps/_meatshield.gsc
rawfile,vision/mp_vdm_cosmopoc.vision
rawfile,vision/creek_1_helicopter_water_exit.vision
rawfile,maps/_minefields.gsc
rawfile,maps/_createmenu.gsc
rawfile,character/c_cub_castro_zt.gsc
rawfile,clientscripts/_flamethrower_plight.csc
rawfile,maps/_contextual_melee.gsc
rawfile,character/c_usa_sog_zt.gsc
rawfile,clientscripts/_explosive_bolt.csc
rawfile,rumble/reload_small_l.rmb
rawfile,character/c_zom_red_guy_zt.gsc
rawfile,shock/pain.shock
rawfile,vision/mp_nuked.vision
rawfile,shock/flashbang.shock
rawfile,rumble/barrel_explosion_l.rmb
rawfile,rumble/damage_light
rawfile,clientscripts/_global_fx.csc
rawfile,rumble/reload_small_h.rmb
rawfile,clientscripts/_ambient.csc
rawfile,maps/_hud.gsc
rawfile,vision/default_night.vision
rawfile,mptype/player_t5_zm_pentagon.gsc
rawfile,maps/_createdynents.gsc
rawfile,maps/_callbackglobal.gsc
rawfile,clientscripts/_utility.csc
rawfile,maps/_hind.gsc
rawfile,rumble/barrel_explosion_h.rmb
rawfile,shock/dog_bite.shock
rawfile,rumble/defaultweapon_fire
rawfile,aim_assist/view_input_2.graph
rawfile,animtrees/drones.atr
rawfile,mp/playeranim.script
rawfile,maps/_tank_zsu23.gsc
rawfile,vision/creek_drown.vision
rawfile,maps/_bayonet.gsc
rawfile,clientscripts/_radiant_live_update.csc
rawfile,vision/creek_1_tunnel_enter.vision
rawfile,shock/hold_breath.shock
rawfile,character/c_usa_dempsey_zt.gsc
rawfile,maps/gametypes/sop.txt
rawfile,vision/creek_1_tunnel_cliffhanger.vision
rawfile,vision/wmd_runway.vision
rawfile,radiant/clientkeys.txt
rawfile,vision/quagmire_4.vision
rawfile,coopmaps.arena
rawfile,shock/level_end.shock
rawfile,common_scripts/utility.gsc
rawfile,maps/_vehiclenames.gsc
rawfile,maps/_gameskill.gsc
rawfile,maps/_music.gsc
rawfile,vision/mp_cosmodrome.vision
rawfile,maps/_spawner.gsc
rawfile,character/c_sprint1_marine_scot_player.gsc
rawfile,vision/zombie_mountain.vision
rawfile,character/c_vtn_nva2_zt.gsc
rawfile,maps/_scripted.gsc
rawfile,character/c_jap_takeo_zt.gsc
rawfile,vision/mp_array.vision
rawfile,character/c_usa_marine_michael_carter_player_zm.gsc
rawfile,maps/_gamemode.gsc
rawfile,clientscripts/_vehicle.csc
rawfile,maps/_createcam.gsc
rawfile,vision/mp_radiation.vision
rawfile,character/c_usa_mcnamara_zt.gsc
rawfile,vision/concussion_grenade.vision
rawfile,shock/tank_mantle.shock
rawfile,info/ai_lochit_dmgtable
rawfile,maps/_introscreen.gsc
rawfile,maps/_huey.gsc
rawfile,rumble/barrel_explosion
rawfile,maps/_camera.gsc
rawfile,rumble/reload_clipin
rawfile,clientscripts/_busing.csc
rawfile,shock/default.shock
rawfile,vision/cheat_bw_invert.vision
rawfile,maps/_compass.gsc
rawfile,vision/mp_underwater.vision
rawfile,maps/_boat_patrol_nva.gsc
rawfile,maps/_spiderhole.gsc
rawfile,maps/gametypes/cmp.gsc
rawfile,vision/mp_havoc.vision
rawfile,vehicles/defaultvehicle
rawfile,character/c_usa_cia2_zt.gsc
rawfile,maps/gametypes/arc.txt
rawfile,character/c_rus_nikolai_zt.gsc
rawfile,vision/flare.vision
rawfile,maps/_banzai.gsc
rawfile,maps/_t72.gsc
rawfile,vision/mpintro.vision
rawfile,animtrees/fxanim_props.atr
rawfile,maps/_endmission.gsc
rawfile,clientscripts/_utility_code.csc
rawfile,maps/_civ_vehicle.gsc
rawfile,rumble/artillery_rumble
rawfile,maps/_rcbomb.gsc
rawfile,aim_assist/view_input_1.graph
rawfile,maps/_damagefeedback.gsc
rawfile,vision/wmd_sr71cam.vision
rawfile,maps/_flashgrenades.gsc
rawfile,vision/zombie_pentagon.vision
rawfile,maps/_friendlyfire.gsc
rawfile,vision/creek_1_rain.vision
rawfile,animtrees/dog.atr
rawfile,vision/rebirth.vision
rawfile,rumble/defaultweapon_melee_l.rmb
rawfile,maps/_hud_util.gsc
rawfile,maps/_audio.gsc
rawfile,vision/int_frontend_char_trans.vision
rawfile,animtrees/tank.atr
rawfile,maps/_flamethrower_plight.gsc
rawfile,rumble/melee_garrote
rawfile,maps/_motorcycle.gsc
rawfile,vision/low_health.vision
rawfile,maps/_rusher.gsc
rawfile,maps/_utility.gsc
rawfile,rumble/defaultweapon_melee_h.rmb
rawfile,rumble/defaultweapon_melee
rawfile,clientscripts/_fx.csc
rawfile,maps/_ambientpackage.gsc
rawfile,maps/_zpu_antiair.gsc
rawfile,animtrees/multiplayer.atr
rawfile,maps/_constants.gsc
rawfile,maps/_truck_gaz63.gsc
rawfile,vision/mpoutro.vision
rawfile,clientscripts/_face_generichuman.csc
rawfile,character/c_zom_blue_guy_zt.gsc
rawfile,vision/quagmire_2.vision
rawfile,aim_assist/view_input_0.graph
rawfile,rumble/flamethrower_l.rmb
rawfile,maps/_shellshock.gsc
rawfile,codescripts/character.gsc
rawfile,maps/_explosive_bolt.gsc
rawfile,clientscripts/_mortar.csc
rawfile,vehicles/misc_camera
rawfile,animtrees/mg42.atr
rawfile,rumble/slide_rumble
rawfile,vision/creek_1_tunnel_cave_light_end.vision
rawfile,maps/_radiant_live_update.gsc
rawfile,maps/_vehicle_turret_ai.gsc
rawfile,vision/creek_1_interior.vision
rawfile,maps/_hud_weapons.gsc
rawfile,character/c_usa_nixon_zt.gsc
rawfile,vision/mp_hanoi.vision
rawfile,rumble/flamethrower_h.rmb
rawfile,maps/_vehicle.gsc
rawfile,clientscripts/_helicopter_sounds.csc
rawfile,shock/chaplincheat.shock
rawfile,maps/_hud_message.gsc
rawfile,clientscripts/_music.csc
rawfile,maps/_uaz.gsc
rawfile,rumble/dtp_rumble
rawfile,maps/_destructible.gsc
rawfile,vision/mp_duga.vision
rawfile,vision/pow.vision
rawfile,maps/_splash_screens.gsc
rawfile,maps/_drone.gsc
rawfile,vision/interrogation_escape.vision
rawfile,mp/playeranimtypes.txt
rawfile,rumble/tank_fire_sp_l.rmb
rawfile,vision/creek_1_village.vision
rawfile,rumble/explosion_generic
rawfile,shock/death.shock
rawfile,animtrees/generic_human.atr
rawfile,vision/revive.vision
rawfile,rumble/tank_rumble_l.rmb
rawfile,vision/wmd_pilot.vision
rawfile,maps/_jeep.gsc
rawfile,maps/_truck.gsc
rawfile,maps/_mgturret.gsc
rawfile,codescripts/delete.gsc
rawfile,vision/mp_cracked.vision
rawfile,maps/_spawn_manager.gsc
rawfile,maps/_apc.gsc
rawfile,clientscripts/_footsteps.csc
rawfile,code_post_gfx
rawfile,vision/default.vision
rawfile,vision/underwaterbase_swimming.vision
rawfile,clientscripts/_lights.csc
rawfile,rumble/explosion_generic_l.rmb
rawfile,rumble/tank_fire_sp_h.rmb
rawfile,rumble/tank_rumble_h.rmb
rawfile,vision/creek_1_war_room.vision
rawfile,vision/camera_spike_mp.vision
rawfile,maps/_createfx.gsc
rawfile,character/c_usa_cia_zt.gsc
rawfile,bik/front_end_sp.bik
rawfile,maps/_names.gsc
rawfile,maps/_loadout.gsc
rawfile,clientscripts/_clientfaceanim.csc
rawfile,maps/_btr.gsc
rawfile,maps/_boat_nvapbr.gsc
rawfile,maps/_boat_pbr.gsc
rawfile,vehicles/defaultvehicle_mp
rawfile,clientscripts/_face_utility.csc
rawfile,rumble/explosion_generic_h.rmb
rawfile,maps/_createfxmenu.gsc
rawfile,maps/_policecar.gsc
rawfile,clientscripts/_treadfx.csc
rawfile,maps/_weather.gsc
rawfile,rumble/grenade_rumble_l.rmb
rawfile,rumble/artillery_rumble_l.rmb
rawfile,vision/huey_city.vision
rawfile,vision/creek_1_helicopter_water.vision
rawfile,maps/_load_common.gsc
rawfile,clientscripts/_filter.csc
rawfile,maps/_truck_gaz66.gsc
rawfile,level_dependencies.csv
rawfile,vision/quagmire_default.vision
rawfile,rumble/damage_light_l.rmb
rawfile,maps/_anim.gsc
rawfile,vision/zombie_neutral.vision
rawfile,maps/_busing.gsc
rawfile,clientscripts/_load.csc
rawfile,maps/_utility_code.gsc
rawfile,character/c_usa_jfk_zt.gsc
rawfile,clientscripts/_audio.csc
rawfile,rumble/grenade_rumble_h.rmb
rawfile,clientscripts/_napalm.csc
rawfile,maps/_colors.gsc
rawfile,rumble/artillery_rumble_h.rmb
rawfile,vision/mp_mountain.vision
rawfile,vision/flash_grenade.vision
rawfile,maps/_plane_weapons.gsc
rawfile,vision/zombie_coast.vision
rawfile,rumble/damage_light_h.rmb
rawfile,clientscripts/_swimming.csc
rawfile,vision/creek_1_tunnel.vision
rawfile,maps/_vehicle_utility.gsc
rawfile,rumble/reload_clipout
rawfile,rumble/reload_small
rawfile,rumble/reload_medium_l.rmb
rawfile,mptype/player_t5_zm.gsc
rawfile,maps/_menus.gsc
rawfile,maps/_gib.gsc
rawfile,maps/_weapons.gsc
rawfile,radiant/keys.txt
rawfile,rumble/reload_medium
stringtable,mp/ranktable.csv
stringtable,maps/mapstable.csv
stringtable,mp/rankicontable.csv
stringtable,mp/defaultstringtable.csv
stringtable,maps/gametypestable.csv
stringtable,skilltable_coop.csv
stringtable,mp/gametypestable.csv
stringtable,binkduck.csv
stringtable,weaponoptions.csv
stringtable,mp/globalcounters.csv
stringtable,mp/reportuser.csv
ddl,ddl_mp/player.ddl
ddl,ddl/stats.old
ddl,ddl/stats_archive.ddl
